{"cameraMode":{"drawMode":0,"name":"Shaded","section":"Shading Mode"},"sceneLighting":true,"audioPlay":false,"sceneViewState":{"showFog":true,"showMaterialUpdate":false,"showSkybox":true,"showFlares":true,"showImageEffects":true,"showParticleSystems":true},"in2DMode":false,"pivot":{"x":12.937446594238282,"y":32.71419143676758,"z":183.80393981933595},"rotation":{"x":0.09550655633211136,"y":0.8351219296455383,"z":-0.1535302698612213,"w":0.5194981098175049},"size":104.2552719116211,"orthographic":false}